-- phpMyAdmin SQL Dump
-- version 4.4.15.10
-- https://www.phpmyadmin.net
--
-- Host: localhost
-- Generation Time: Jul 22, 2025 at 04:22 AM
-- Server version: 5.7.23
-- PHP Version: 5.4.16

SET SQL_MODE = "NO_AUTO_VALUE_ON_ZERO";
SET time_zone = "+00:00";


/*!40101 SET @OLD_CHARACTER_SET_CLIENT=@@CHARACTER_SET_CLIENT */;
/*!40101 SET @OLD_CHARACTER_SET_RESULTS=@@CHARACTER_SET_RESULTS */;
/*!40101 SET @OLD_COLLATION_CONNECTION=@@COLLATION_CONNECTION */;
/*!40101 SET NAMES utf8mb4 */;

--
-- Database: `FP_Pizza`
--

-- --------------------------------------------------------

--
-- Table structure for table `Categories`
--

CREATE TABLE IF NOT EXISTS `Categories` (
  `PizzaTypeID` int(11) NOT NULL,
  `TypeName` varchar(50) DEFAULT NULL
) ENGINE=InnoDB DEFAULT CHARSET=latin1;

--
-- Dumping data for table `Categories`
--

INSERT INTO `Categories` (`PizzaTypeID`, `TypeName`) VALUES
(1, ' Margherita'),
(2, ' Pepperoni'),
(3, ' Hawaiian'),
(4, ' Meat Lovers'),
(5, ' Supreme'),
(6, ' Veggie Delight'),
(7, ' BBQ Chicken'),
(8, ' Four Cheese'),
(9, ' Buffalo Chicken'),
(10, ' Mediterranean'),
(11, ' White Pizza'),
(12, ' Pesto Chicken'),
(13, ' Taco Pizza'),
(14, ' Sicilian'),
(15, ' Alfredo Pizza'),
(16, ' Spinach and Feta'),
(17, ' Mushroom Lovers'),
(18, ' BBQ Bacon'),
(19, ' Philly Cheesesteak'),
(20, ' Greek Pizza'),
(21, ' Caprese Pizza'),
(22, ' Sausage and Peppers'),
(23, ' Taco Supreme'),
(24, ' Bacon Ranch'),
(25, ' Chicken Bacon Ranch'),
(26, ' Artichoke and Spinach'),
(27, ' Roasted Garlic'),
(28, ' BLT Pizza'),
(29, ' Three Meat'),
(30, ' Barbecue Pulled Pork'),
(31, ' Breakfast Pizza'),
(32, ' Gourmet Veggie'),
(33, ' Buffalo Ranch Chicken'),
(34, ' Shrimp Scampi'),
(35, ' Hawaiian BBQ'),
(36, ' Chicken Alfredo'),
(37, ' Margherita Di Bufala'),
(38, ' Spicy Thai Pizza'),
(39, ' Tandoori Chicken'),
(40, ' Mediterranean Veggie'),
(41, ' Roasted Red Pepper'),
(42, ' Philly Steak and Cheese'),
(43, ' Cajun Chicken'),
(44, ' Capricciosa'),
(45, ' Prosciutto and Arugula'),
(46, ' Primavera'),
(47, ' Eggplant Parmesan'),
(48, ' Chicken Pesto'),
(49, ' Piri Piri Chicken'),
(50, ' Fig and Prosciutto');

-- --------------------------------------------------------

--
-- Table structure for table `City`
--

CREATE TABLE IF NOT EXISTS `City` (
  `CityID` int(11) NOT NULL,
  `CityName` varchar(100) DEFAULT NULL,
  `State` varchar(100) DEFAULT NULL
) ENGINE=InnoDB DEFAULT CHARSET=latin1;

--
-- Dumping data for table `City`
--

INSERT INTO `City` (`CityID`, `CityName`, `State`) VALUES
(1, 'New Castle', 'PA'),
(2, 'Bellevue', 'WA'),
(3, 'Chicago', 'IL'),
(4, 'Amarillo', 'TX'),
(5, 'Los Angeles', 'CA'),
(6, 'Mount Vernon', 'NY'),
(7, 'Hollywood', 'FL'),
(8, 'Boston', 'MA'),
(9, 'Detroit', 'MI'),
(10, 'Fort Wayne', 'IN'),
(11, 'Las Vegas', 'NV'),
(12, 'Raleigh', 'NC'),
(13, 'New Orleans', 'LA'),
(14, 'Arlington', 'VA'),
(15, 'Melbourne', 'FL'),
(16, 'Oklahoma City', 'OK'),
(17, 'San Bernardino', 'CA'),
(18, 'El Paso', 'TX'),
(19, 'Elmira', 'NY'),
(20, 'Huntington', 'WV'),
(21, 'New York City', 'NY'),
(22, 'Chandler', 'AZ'),
(23, 'Corpus Christi', 'TX'),
(24, 'Bakersfield', 'CA'),
(25, 'Saginaw', 'MI'),
(26, 'Waterbury', 'CT'),
(27, 'Houston', 'TX'),
(28, 'Tampa', 'FL'),
(29, 'Washington', 'DC'),
(30, 'Minneapolis', 'MN'),
(31, 'Richmond', 'VA'),
(32, 'Montgomery', 'AL'),
(33, 'Seminole', 'FL'),
(34, 'Jersey City', 'NJ'),
(35, 'Des Moines', 'IA'),
(36, 'Indianapolis', 'IN'),
(37, 'Norman', 'OK'),
(38, 'Aiken', 'SC'),
(39, 'Omaha', 'NE'),
(40, 'Spartanburg', 'SC'),
(41, 'Mobile', 'AL'),
(42, 'Trenton', 'NJ'),
(43, 'Murfreesboro', 'TN'),
(44, 'Suffolk', 'VA'),
(45, 'Augusta', 'GA'),
(46, 'San Jose', 'CA'),
(47, 'Olympia', 'WA'),
(48, 'Memphis', 'TN'),
(49, 'Saint Louis', 'MO'),
(50, 'Billings', 'MT'),
(51, 'Colorado Springs', 'CO'),
(52, 'Southfield', 'MI'),
(53, 'Philadelphia', 'PA'),
(54, 'Kansas City', 'MO'),
(55, 'Miami', 'FL'),
(56, 'Temple', 'TX'),
(57, 'Orlando', 'FL'),
(58, 'Topeka', 'KS'),
(59, 'Toledo', 'OH'),
(60, 'San Francisco', 'CA'),
(61, 'White Plains', 'NY'),
(62, 'Frederick', 'MD'),
(63, 'Daytona Beach', 'FL'),
(64, 'Charlottesville', 'VA'),
(65, 'Columbus', 'MS'),
(66, 'Arlington', 'TX'),
(67, 'Cincinnati', 'OH'),
(68, 'Atlanta', 'GA'),
(69, 'Newton', 'MA'),
(70, 'Tulsa', 'OK'),
(71, 'Anchorage', 'AK'),
(72, 'Salt Lake City', 'UT'),
(73, 'Pueblo', 'CO'),
(74, 'Austin', 'TX'),
(75, 'Oakland', 'CA'),
(76, 'Sacramento', 'CA'),
(77, 'Sioux Falls', 'SD'),
(78, 'Laurel', 'MD'),
(79, 'Dallas', 'TX'),
(80, 'Pittsburgh', 'PA'),
(81, 'Tallahassee', 'FL'),
(82, 'Salem', 'OR'),
(83, 'Newport News', 'VA'),
(84, 'Henderson', 'NV'),
(85, 'Escondido', 'CA'),
(86, 'Fort Lauderdale', 'FL'),
(87, 'Macon', 'GA'),
(88, 'Jamaica', 'NY'),
(89, 'North Hollywood', 'CA'),
(90, 'Young America', 'MN'),
(91, 'Savannah', 'GA'),
(92, 'Van Nuys', 'CA'),
(93, 'Anniston', 'AL'),
(94, 'York', 'PA'),
(95, 'Burbank', 'CA'),
(96, 'Charlotte', 'NC'),
(97, 'Beaufort', 'SC'),
(98, 'Aurora', 'CO'),
(99, 'Palmdale', 'CA'),
(100, 'Birmingham', 'AL'),
(101, 'Brooksville', 'FL'),
(102, 'Seattle', 'WA'),
(103, 'Mesquite', 'TX'),
(104, 'Scottsdale', 'AZ'),
(105, 'Louisville', 'KY'),
(106, 'Tucson', 'AZ'),
(107, 'San Diego', 'CA'),
(108, 'Albany', 'NY'),
(109, 'Northridge', 'CA'),
(110, 'Fresno', 'CA'),
(111, 'Shawnee Mission', 'KS'),
(112, 'Bethlehem', 'PA'),
(113, 'Wichita', 'KS'),
(114, 'Wilkes Barre', 'PA'),
(115, 'Tyler', 'TX'),
(116, 'Clearwater', 'FL'),
(117, 'Springfield', 'IL'),
(118, 'Phoenix', 'AZ'),
(119, 'Milwaukee', 'WI'),
(120, 'Missoula', 'MT'),
(121, 'Glendale', 'AZ'),
(122, 'Littleton', 'CO'),
(123, 'Little Rock', 'AR'),
(124, 'Pasadena', 'CA'),
(125, 'Dearborn', 'MI'),
(126, 'Duluth', 'GA'),
(127, 'Nashville', 'TN'),
(128, 'New Haven', 'CT'),
(129, 'Saint Paul', 'MN'),
(130, 'Brooklyn', 'NY'),
(131, 'Greensboro', 'NC'),
(132, 'Bradenton', 'FL'),
(133, 'Virginia Beach', 'VA'),
(134, 'Albuquerque', 'NM'),
(135, 'Cedar Rapids', 'IA'),
(136, 'Lubbock', 'TX'),
(137, 'Evansville', 'IN'),
(138, 'Lexington', 'KY'),
(139, 'Allentown', 'PA'),
(140, 'South Bend', 'IN'),
(141, 'Spokane', 'WA'),
(142, 'Huntsville', 'TX'),
(143, 'Newark', 'NJ'),
(144, 'San Angelo', 'TX'),
(145, 'Charleston', 'SC'),
(146, 'Whittier', 'CA'),
(147, 'Pomona', 'CA'),
(148, 'Jacksonville', 'FL'),
(149, 'Denver', 'CO'),
(150, 'Midland', 'TX'),
(151, 'Greenville', 'SC'),
(152, 'Cambridge', 'MA'),
(153, 'Baltimore', 'MD'),
(154, 'Midland', 'MI'),
(155, 'Kansas City', 'KS'),
(156, 'Inglewood', 'CA'),
(157, 'Honolulu', 'HI'),
(158, 'Baton Rouge', 'LA'),
(159, 'Roanoke', 'VA'),
(160, 'Schaumburg', 'IL'),
(161, 'Evanston', 'IL'),
(162, 'San Rafael', 'CA'),
(163, 'Jackson', 'MS'),
(164, 'Fort Smith', 'AR'),
(165, 'Saint Petersburg', 'FL'),
(166, 'Wilmington', 'NC'),
(167, 'Schenectady', 'NY'),
(168, 'Norwalk', 'CT'),
(169, 'Santa Fe', 'NM'),
(170, 'Fort Myers', 'FL'),
(171, 'Scranton', 'PA'),
(172, 'Homestead', 'FL'),
(173, 'Rockford', 'IL'),
(174, 'Spring Hill', 'FL'),
(175, 'Columbia', 'SC'),
(176, 'Fort Worth', 'TX'),
(177, 'Reno', 'NV'),
(178, 'Shreveport', 'LA'),
(179, 'Long Beach', 'CA'),
(180, 'Portland', 'OR'),
(181, 'Portsmouth', 'NH'),
(182, 'Stamford', 'CT'),
(183, 'Bowie', 'MD'),
(184, 'Pinellas Park', 'FL'),
(185, 'Lincoln', 'NE'),
(186, 'Lansing', 'MI'),
(187, 'San Antonio', 'TX'),
(188, 'Redwood City', 'CA'),
(189, 'Huntington Beach', 'CA'),
(190, 'Youngstown', 'OH'),
(191, 'Lake Worth', 'FL'),
(192, 'Asheville', 'NC'),
(193, 'Flushing', 'NY'),
(194, 'Laredo', 'TX'),
(195, 'Chesapeake', 'VA'),
(196, 'Albany', 'GA'),
(197, 'Idaho Falls', 'ID'),
(198, 'Gulfport', 'MS'),
(199, 'Boise', 'ID'),
(200, 'Carlsbad', 'CA'),
(201, 'Pensacola', 'FL'),
(202, 'Alexandria', 'LA'),
(203, 'Ocala', 'FL'),
(204, 'Garden Grove', 'CA'),
(205, 'Hayward', 'CA'),
(206, 'Carson City', 'NV'),
(207, 'Frankfort', 'KY'),
(208, 'Madison', 'WI'),
(209, 'Johnson City', 'TN'),
(210, 'Waco', 'TX'),
(211, 'Akron', 'OH'),
(212, 'Pasadena', 'TX'),
(213, 'Merrifield', 'VA'),
(214, 'Dayton', 'OH'),
(215, 'Lafayette', 'LA'),
(216, 'Columbus', 'OH'),
(217, 'Tacoma', 'WA'),
(218, 'Visalia', 'CA'),
(219, 'Aurora', 'IL'),
(220, 'Warren', 'MI'),
(221, 'Peoria', 'IL'),
(222, 'Annapolis', 'MD'),
(223, 'Falls Church', 'VA'),
(224, 'Jefferson City', 'MO'),
(225, 'Crawfordsville', 'IN'),
(226, 'Buffalo', 'NY'),
(227, 'Orange', 'CA'),
(228, 'Vancouver', 'WA'),
(229, 'Ashburn', 'VA'),
(230, 'Knoxville', 'TN'),
(231, 'Simi Valley', 'CA'),
(232, 'Irvine', 'CA'),
(233, 'Herndon', 'VA');

-- --------------------------------------------------------

--
-- Table structure for table `Customer`
--

CREATE TABLE IF NOT EXISTS `Customer` (
  `CustomerID` int(11) NOT NULL,
  `CustomerName` varchar(50) DEFAULT NULL,
  `CityID` int(11) DEFAULT NULL,
  `CustomerAgeGroupID` int(11) DEFAULT NULL
) ENGINE=InnoDB DEFAULT CHARSET=latin1;

--
-- Dumping data for table `Customer`
--

INSERT INTO `Customer` (`CustomerID`, `CustomerName`, `CityID`, `CustomerAgeGroupID`) VALUES
(1, 'Kira', 60, 3),
(2, 'Olive', 105, 2),
(3, 'Snow', 112, 2),
(4, 'Wessing', 11, 4),
(5, 'Peppett', 183, 3),
(6, 'Riolfo', 187, 4),
(7, 'Tessier', 150, 4),
(8, 'Ketts', 190, 4),
(9, 'Tremblot', 34, 3),
(10, 'Belham', 64, 4),
(11, 'Camoletto', 221, 1),
(12, 'Ghelardoni', 211, 2),
(13, 'Tilbury', 162, 3),
(14, 'Soles', 177, 1),
(15, 'Urquhart', 163, 5),
(16, 'Iacofo', 54, 1),
(17, 'Osborn', 15, 3),
(18, 'Vigours', 145, 4),
(19, 'Blois', 212, 3),
(20, 'Brogane', 161, 3),
(21, 'Trussman', 170, 2),
(22, 'Norquoy', 133, 1),
(23, 'Tuxell', 153, 4),
(24, 'Custed', 135, 1),
(25, 'Baudin', 214, 1),
(26, 'Acaster', 201, 4),
(27, 'Rippon', 128, 2),
(28, 'Carss', 38, 5),
(29, 'Eastmead', 37, 1),
(30, 'Van de Vlies', 74, 3),
(31, 'Beton', 26, 5),
(32, 'Baldwin', 140, 4),
(33, 'Bartkowiak', 158, 2),
(34, 'Chismon', 135, 2),
(35, 'Lynock', 201, 3),
(36, 'Iacovides', 136, 3),
(37, 'Lewty', 76, 1),
(38, 'Azemar', 204, 3),
(39, 'Wiltshear', 95, 2),
(40, 'Clinning', 95, 5),
(41, 'Chorlton', 189, 5),
(42, 'Lownes', 194, 2),
(43, 'Letts', 171, 4),
(44, 'Sheavills', 39, 2),
(45, 'Christian', 149, 5),
(46, 'Cain', 163, 1),
(47, 'Gatrill', 135, 5),
(48, 'Boocock', 185, 3),
(49, 'Guildford', 55, 4),
(50, 'McEnhill', 184, 3),
(51, 'Lesper', 58, 5),
(52, 'Deinhard', 205, 3),
(53, 'Barkway', 149, 2),
(54, 'Daniell', 133, 1),
(55, 'Wearing', 215, 4),
(56, 'Cockill', 211, 3),
(57, 'Eronie', 175, 2),
(58, 'Averay', 12, 2),
(59, 'Brasse', 232, 4),
(60, 'Wandtke', 191, 4),
(61, 'Lowes', 28, 2),
(62, 'Tydeman', 32, 1),
(63, 'Purviss', 78, 5),
(64, 'Andreuzzi', 58, 3),
(65, 'Baggs', 56, 3),
(66, 'Gravenall', 108, 2),
(67, 'Manz', 138, 1),
(68, 'Bunney', 132, 1),
(69, 'Oseman', 14, 4),
(70, 'Cathenod', 139, 3),
(71, 'Rubinowitsch', 189, 1),
(72, 'Laurenty', 61, 3),
(73, 'Jurges', 204, 3),
(74, 'Wilson', 136, 2),
(75, 'Skippings', 69, 5),
(76, 'McVie', 171, 1),
(77, 'Hambrick', 183, 3),
(78, 'Bentzen', 166, 5),
(79, 'Foxen', 49, 5),
(80, 'McPolin', 215, 3),
(81, 'Christene', 229, 2),
(82, 'Molan', 34, 2),
(83, 'Weins', 181, 3),
(84, 'Tegeller', 102, 5),
(85, 'Brocket', 203, 2),
(86, 'Sprott', 9, 3),
(87, 'Arnould', 135, 5),
(88, 'Pydcock', 183, 5),
(89, 'Fitzroy', 44, 5),
(90, 'Harper', 135, 4),
(91, 'Wheelhouse', 77, 3),
(92, 'Penticoot', 213, 2),
(93, 'Carlsen', 135, 2),
(94, 'Billborough', 36, 2),
(95, 'Maciunas', 7, 5),
(96, 'Rounsefull', 161, 1),
(97, 'Heenan', 85, 3),
(98, 'Lummis', 176, 4),
(99, 'Barizeret', 158, 2),
(100, 'Mandres', 30, 2),
(101, 'Whitworth', 142, 4),
(102, 'Barnish', 155, 4),
(103, 'Van Velde', 116, 5),
(104, 'Swayton', 114, 3),
(105, 'Wratten', 224, 5),
(106, 'Cannan', 79, 1),
(107, 'Chasmar', 189, 4),
(108, 'Giacobillo', 9, 2),
(109, 'Kippen', 176, 4),
(110, 'Grogor', 156, 4),
(111, 'Allderidge', 17, 2),
(112, 'Monday', 83, 2),
(113, 'Domm', 132, 1),
(114, 'Goodhew', 179, 2),
(115, 'Arton', 32, 3),
(116, 'Jamrowicz', 89, 4),
(117, 'Minard', 118, 1),
(118, 'Arnot', 88, 2),
(119, 'Dilley', 85, 5),
(120, 'Hrinishin', 162, 5),
(121, 'Blewmen', 91, 3),
(122, 'Glassford', 201, 2),
(123, 'Moquin', 31, 4),
(124, 'Rentoll', 18, 2),
(125, 'Folkard', 231, 5),
(126, 'Showl', 168, 1),
(127, 'Hachard', 147, 1),
(128, 'Cattermull', 232, 4),
(129, 'Alekseev', 19, 4),
(130, 'Ronca', 97, 4),
(131, 'Willerson', 194, 5),
(132, 'Loidl', 215, 3),
(133, 'Bratcher', 26, 1),
(134, 'Luetchford', 185, 3),
(135, 'McWhan', 147, 4),
(136, 'Bayfield', 180, 4),
(137, 'De la Barre', 225, 2),
(138, 'Vispo', 119, 3),
(139, 'McPhail', 154, 2),
(140, 'Trenam', 178, 1),
(141, 'Fawloe', 195, 2),
(142, 'Tyson', 208, 5),
(143, 'Bayfield', 225, 4),
(144, 'Freak', 32, 3),
(145, 'Lidgerton', 185, 1),
(146, 'Crawley', 131, 1),
(147, 'Ianilli', 101, 5),
(148, 'Jemmett', 111, 1),
(149, 'Weekes', 18, 1),
(150, 'Berfoot', 226, 2),
(151, 'Taggett', 140, 2),
(152, 'Minett', 26, 4),
(153, 'Goodinge', 173, 3),
(154, 'Aubrun', 89, 4),
(155, 'Virgo', 160, 2),
(156, 'Thow', 65, 2),
(157, 'Greatrakes', 78, 2),
(158, 'Carlile', 197, 4),
(159, 'Farnaby', 50, 3),
(160, 'Spurge', 125, 4),
(161, 'Shailer', 8, 4),
(162, 'Richens', 133, 1),
(163, 'Helks', 175, 2),
(164, 'Tilbrook', 10, 4),
(165, 'Pybworth', 223, 3),
(166, 'Ruit', 155, 1),
(167, 'Itzchaky', 104, 2),
(168, 'Pudan', 54, 1),
(169, 'Jellis', 193, 2),
(170, 'McKoy', 105, 3),
(171, 'Oldridge', 179, 1),
(172, 'Arpino', 112, 3),
(173, 'Lammie', 23, 3),
(174, 'Petruskevich', 13, 4),
(175, 'Escalera', 229, 1),
(176, 'McInility', 173, 5),
(177, 'Enrdigo', 181, 1),
(178, 'Sollett', 149, 1),
(179, 'Bareham', 205, 2),
(180, 'Serrell', 110, 5),
(181, 'Garatty', 167, 3),
(182, 'Baskett', 38, 2),
(183, 'Manwaring', 158, 3),
(184, 'Issacoff', 209, 5),
(185, 'Haller', 104, 3),
(186, 'Rosas', 125, 5),
(187, 'Chisholm', 81, 4),
(188, 'Bollin', 28, 3),
(189, 'McKeefry', 133, 1),
(190, 'Defty', 114, 4),
(191, 'Yarmouth', 170, 4),
(192, 'Wooderson', 41, 1),
(193, 'Morad', 161, 4),
(194, 'Cheyne', 217, 3),
(195, 'Mucci', 137, 2),
(196, 'Wardhough', 35, 1),
(197, 'Ferier', 228, 1),
(198, 'Sheards', 105, 5),
(199, 'Anderton', 75, 5),
(200, 'Cattach', 58, 4),
(201, 'Dast', 64, 3),
(202, 'Brissenden', 147, 2),
(203, 'Kenshole', 76, 2),
(204, 'Thresh', 173, 4),
(205, 'McElhinney', 169, 3),
(206, 'Lorraway', 94, 4),
(207, 'Jasik', 197, 4),
(208, 'Oles', 2, 4),
(209, 'Rosenfelt', 117, 3),
(210, 'De Morena', 115, 4),
(211, 'Tassell', 223, 1),
(212, 'Grew', 73, 2),
(213, 'Carthew', 160, 3),
(214, 'Holdall', 113, 1),
(215, 'Speechly', 89, 5),
(216, 'Massard', 104, 1),
(217, 'Malenoir', 22, 3),
(218, 'Kibbel', 28, 4),
(219, 'Blogg', 77, 3),
(220, 'Mepham', 67, 3),
(221, 'Luckman', 103, 2),
(222, 'Bowring', 79, 1),
(223, 'Oglesbee', 90, 4),
(224, 'Kurth', 211, 1),
(225, 'Milillo', 88, 1),
(226, 'Loughead', 37, 4),
(227, 'Ewington', 156, 2),
(228, 'Titmuss', 202, 5),
(229, 'Cruikshanks', 77, 1),
(230, 'Galpen', 10, 3),
(231, 'Studdeard', 53, 5),
(232, 'Felix', 3, 4);

-- --------------------------------------------------------

--
-- Table structure for table `CustomerAgeGroup`
--

CREATE TABLE IF NOT EXISTS `CustomerAgeGroup` (
  `CustomerAgeGroupID` int(11) NOT NULL,
  `AgeGroup` varchar(50) DEFAULT NULL
) ENGINE=InnoDB DEFAULT CHARSET=latin1;

--
-- Dumping data for table `CustomerAgeGroup`
--

INSERT INTO `CustomerAgeGroup` (`CustomerAgeGroupID`, `AgeGroup`) VALUES
(1, '18-25'),
(2, '26-35'),
(3, '36-45'),
(4, '46-55'),
(5, '56-75');

-- --------------------------------------------------------

--
-- Table structure for table `CustomerFeedback`
--

CREATE TABLE IF NOT EXISTS `CustomerFeedback` (
  `FeedbackID` int(11) NOT NULL,
  `CustomerID` int(11) DEFAULT NULL,
  `OrderID` int(11) DEFAULT NULL,
  `FeedbackRatingID` int(11) DEFAULT NULL
) ENGINE=InnoDB DEFAULT CHARSET=latin1;

--
-- Dumping data for table `CustomerFeedback`
--

INSERT INTO `CustomerFeedback` (`FeedbackID`, `CustomerID`, `OrderID`, `FeedbackRatingID`) VALUES
(1, 1, 230, 1),
(2, 2, 44, 2),
(3, 3, 155, 3),
(4, 4, 74, 4),
(5, 5, 153, 5),
(9, 9, 48, 9),
(10, 10, 161, 10),
(12, 12, 181, 12),
(18, 18, 10, 18),
(19, 19, 223, 19),
(20, 20, 200, 20),
(23, 23, 223, 23),
(25, 25, 211, 25),
(26, 26, 91, 26),
(29, 29, 98, 29),
(31, 31, 193, 31),
(34, 34, 219, 34),
(36, 36, 162, 36),
(37, 37, 61, 37),
(38, 38, 73, 38),
(39, 39, 76, 39),
(40, 40, 196, 40),
(43, 43, 228, 43),
(45, 45, 222, 45),
(46, 46, 159, 46),
(48, 48, 72, 48),
(49, 49, 56, 49),
(50, 50, 131, 50),
(54, 54, 224, 54),
(57, 57, 97, 57),
(63, 63, 18, 63),
(64, 64, 26, 64),
(71, 71, 56, 71),
(73, 73, 25, 73),
(74, 74, 123, 74),
(77, 77, 68, 77),
(81, 81, 86, 81),
(82, 82, 131, 82),
(85, 85, 210, 85),
(86, 86, 187, 86),
(88, 88, 39, 88),
(89, 89, 202, 89),
(91, 91, 230, 91),
(93, 93, 208, 93),
(94, 94, 60, 94),
(95, 95, 71, 95),
(97, 97, 73, 97),
(98, 98, 188, 98),
(99, 99, 111, 99),
(102, 102, 180, 102),
(104, 104, 28, 104),
(108, 108, 134, 108),
(110, 110, 46, 110),
(112, 112, 121, 112),
(113, 113, 115, 113),
(114, 114, 112, 114),
(116, 116, 115, 116),
(117, 117, 44, 117),
(118, 118, 35, 118),
(119, 119, 111, 119),
(120, 120, 31, 120),
(122, 122, 151, 122),
(124, 124, 229, 124),
(125, 125, 1, 125),
(131, 131, 180, 131),
(132, 132, 10, 132),
(133, 133, 40, 133),
(138, 138, 75, 138),
(139, 139, 161, 139),
(140, 140, 71, 140),
(144, 144, 132, 144),
(145, 145, 74, 145),
(146, 146, 98, 146),
(154, 154, 199, 154),
(157, 157, 199, 157),
(159, 159, 168, 159),
(163, 163, 66, 163),
(164, 164, 194, 164),
(165, 165, 21, 165),
(167, 167, 88, 167),
(168, 168, 179, 168),
(173, 173, 96, 173),
(174, 174, 56, 174),
(176, 176, 229, 176),
(178, 178, 75, 178),
(179, 179, 121, 179),
(180, 180, 87, 180),
(181, 181, 202, 181),
(185, 185, 163, 185),
(189, 189, 192, 189),
(190, 190, 83, 190),
(192, 192, 26, 192),
(196, 196, 184, 196),
(197, 197, 48, 197);

-- --------------------------------------------------------

--
-- Table structure for table `DeliveryDriver`
--

CREATE TABLE IF NOT EXISTS `DeliveryDriver` (
  `DriverID` int(11) NOT NULL,
  `DriverName` varchar(50) DEFAULT NULL,
  `Vehicle` varchar(50) DEFAULT NULL
) ENGINE=InnoDB DEFAULT CHARSET=latin1;

--
-- Dumping data for table `DeliveryDriver`
--

INSERT INTO `DeliveryDriver` (`DriverID`, `DriverName`, `Vehicle`) VALUES
(1, 'Maryann', 'VH001'),
(2, 'Steffi', 'VH002'),
(3, 'Herta', 'VH003'),
(4, 'Trstram', 'VH004'),
(5, 'Maure', 'VH005'),
(6, 'Burtie', 'VH006'),
(7, 'Elie', 'VH007'),
(8, 'Cam', 'VH008'),
(9, 'Webster', 'VH009'),
(10, 'Briant', 'VH010'),
(11, 'Mei', 'VH011'),
(12, 'Sheeree', 'VH012'),
(13, 'Beatrix', 'VH013'),
(14, 'Giavani', 'VH014'),
(15, 'Deana', 'VH015'),
(16, 'Alex ', 'VH016'),
(17, 'Taylor', 'VH017'),
(18, 'Morgan ', 'VH018'),
(19, 'Bailey', 'VH019'),
(20, 'Chris ', 'VH020');

-- --------------------------------------------------------

--
-- Table structure for table `DeliveryType`
--

CREATE TABLE IF NOT EXISTS `DeliveryType` (
  `DeliveryTypeID` int(11) NOT NULL,
  `DeliveryTypeName` varchar(50) DEFAULT NULL
) ENGINE=InnoDB DEFAULT CHARSET=latin1;

--
-- Dumping data for table `DeliveryType`
--

INSERT INTO `DeliveryType` (`DeliveryTypeID`, `DeliveryTypeName`) VALUES
(1, 'Home Delivery'),
(2, 'Take Away'),
(3, 'Curbside Pickup'),
(4, 'Dine-In');

-- --------------------------------------------------------

--
-- Table structure for table `FeedbackRating`
--

CREATE TABLE IF NOT EXISTS `FeedbackRating` (
  `FeedbackRatingID` int(11) NOT NULL,
  `FeedbackValue` int(50) DEFAULT NULL,
  `RatingDescription` varchar(200) DEFAULT NULL
) ENGINE=InnoDB DEFAULT CHARSET=latin1;

--
-- Dumping data for table `FeedbackRating`
--

INSERT INTO `FeedbackRating` (`FeedbackRatingID`, `FeedbackValue`, `RatingDescription`) VALUES
(1, 3, ' Poor'),
(2, 2, ' Mediocre'),
(3, 2, ' Below Average'),
(4, 4, ' Unacceptable'),
(5, 3, ' Subpar'),
(6, 4, ' Disappointing'),
(7, 4, ' Unsatisfactory'),
(8, 4, ' Lousy'),
(9, 3, ' Terrible'),
(10, 4, ' Awful'),
(11, 1, ' Horrible'),
(12, 2, ' Abysmal'),
(13, 3, ' Dreadful'),
(14, 1, ' Atrocious'),
(15, 5, ' Inferior'),
(16, 1, ' Not Recommended'),
(17, 3, ' Needs Improvement'),
(18, 4, ' Substandard'),
(19, 3, ' Unimpressive'),
(20, 3, ' Insufficient'),
(21, 2, ' Miserable'),
(22, 1, ' Unworthy'),
(23, 4, ' Dismal'),
(24, 1, ' Lackluster'),
(25, 1, ' Deficient'),
(26, 4, ' Unappealing'),
(27, 2, ' Inadequate'),
(28, 5, ' Regrettable'),
(29, 1, ' Unacceptable'),
(30, 3, ' Very Poor'),
(31, 5, ' Not Satisfactory'),
(32, 4, ' Mediocre'),
(33, 2, ' Fair'),
(34, 2, ' Average'),
(35, 3, ' Satisfactory'),
(36, 3, ' Decent'),
(37, 1, ' Adequate'),
(38, 3, ' Passable'),
(39, 2, ' Okay'),
(40, 5, ' Tolerable'),
(41, 5, ' Acceptable'),
(42, 2, ' Sufficient'),
(43, 4, ' Not Bad'),
(44, 2, ' Good'),
(45, 5, ' Better Than Expected'),
(46, 1, ' Fine'),
(47, 5, ' Solid'),
(48, 3, ' Respectable'),
(49, 4, ' Adequate'),
(50, 3, ' Commendable'),
(51, 5, ' Decent'),
(52, 3, ' Satisfying'),
(53, 2, ' Sufficient'),
(54, 1, ' Above Average'),
(55, 4, ' Pretty Good'),
(56, 3, ' Noteworthy'),
(57, 2, ' Excellent'),
(58, 2, ' Impressive'),
(59, 4, ' Outstanding'),
(60, 4, ' Exceptional'),
(61, 2, ' Superb'),
(62, 1, ' Marvelous'),
(63, 5, ' Wonderful'),
(64, 3, ' Terrific'),
(65, 3, ' Fantastic'),
(66, 2, ' Fabulous'),
(67, 1, ' Remarkable'),
(68, 1, ' Splendid'),
(69, 4, ' Perfect'),
(70, 3, ' Top-notch'),
(71, 1, ' Flawless'),
(72, 3, ' Extraordinary'),
(73, 3, ' Exemplary'),
(74, 2, ' Supreme'),
(75, 5, ' First-rate'),
(76, 1, ' Five-star'),
(77, 3, ' Awe-inspiring'),
(78, 5, ' Best of the Best'),
(79, 5, ' Phenomenal'),
(80, 3, ' Incredible'),
(81, 2, ' Unsurpassed'),
(82, 2, ' Unbeatable'),
(83, 3, ' Unparalleled'),
(84, 5, ' Outstanding'),
(85, 2, ' World-class'),
(86, 3, ' Masterful'),
(87, 5, ' Elite'),
(88, 5, ' Top-tier'),
(89, 5, ' Peerless'),
(90, 4, ' Exceptional'),
(91, 3, ' Unrivaled'),
(92, 2, ' Consummate'),
(93, 2, ' Transcendent'),
(94, 2, ' Stupendous'),
(95, 5, ' Breathtaking'),
(96, 1, ' Incomparable'),
(97, 3, ' Unbelievable'),
(98, 4, ' Epic'),
(99, 2, ' Legendary'),
(100, 2, ' Beyond Compare'),
(101, 4, ' Poor'),
(102, 4, ' Mediocre'),
(103, 5, ' Below Average'),
(104, 3, ' Unacceptable'),
(105, 5, ' Subpar'),
(106, 1, ' Disappointing'),
(107, 4, ' Unsatisfactory'),
(108, 2, ' Lousy'),
(109, 4, ' Terrible'),
(110, 4, ' Awful'),
(111, 2, ' Horrible'),
(112, 2, ' Abysmal'),
(113, 1, ' Dreadful'),
(114, 2, ' Atrocious'),
(115, 3, ' Inferior'),
(116, 4, ' Not Recommended'),
(117, 1, ' Needs Improvement'),
(118, 2, ' Substandard'),
(119, 5, ' Unimpressive'),
(120, 5, ' Insufficient'),
(121, 3, ' Miserable'),
(122, 2, ' Unworthy'),
(123, 4, ' Dismal'),
(124, 2, ' Lackluster'),
(125, 5, ' Deficient'),
(126, 1, ' Unappealing'),
(127, 1, ' Inadequate'),
(128, 4, ' Regrettable'),
(129, 4, ' Unacceptable'),
(130, 4, ' Very Poor'),
(131, 5, ' Not Satisfactory'),
(132, 3, ' Mediocre'),
(133, 1, ' Fair'),
(134, 3, ' Average'),
(135, 4, ' Satisfactory'),
(136, 4, ' Decent'),
(137, 2, ' Adequate'),
(138, 3, ' Passable'),
(139, 2, ' Okay'),
(140, 1, ' Tolerable'),
(141, 2, ' Acceptable'),
(142, 5, ' Sufficient'),
(143, 4, ' Not Bad'),
(144, 3, ' Good'),
(145, 1, ' Better Than Expected'),
(146, 1, ' Fine'),
(147, 5, ' Solid'),
(148, 1, ' Respectable'),
(149, 1, ' Adequate'),
(150, 2, ' Commendable'),
(151, 2, ' Decent'),
(152, 4, ' Satisfying'),
(153, 3, ' Sufficient'),
(154, 4, ' Above Average'),
(155, 2, ' Pretty Good'),
(156, 2, ' Noteworthy'),
(157, 2, ' Excellent'),
(158, 4, ' Impressive'),
(159, 3, ' Outstanding'),
(160, 4, ' Exceptional'),
(161, 4, ' Superb'),
(162, 1, ' Marvelous'),
(163, 2, ' Wonderful'),
(164, 4, ' Terrific'),
(165, 3, ' Fantastic'),
(166, 1, ' Fabulous'),
(167, 2, ' Remarkable'),
(168, 1, ' Splendid'),
(169, 2, ' Perfect'),
(170, 3, ' Top-notch'),
(171, 1, ' Flawless'),
(172, 3, ' Extraordinary'),
(173, 3, ' Exemplary'),
(174, 4, ' Supreme'),
(175, 1, ' First-rate'),
(176, 5, ' Five-star'),
(177, 1, ' Awe-inspiring'),
(178, 1, ' Best of the Best'),
(179, 2, ' Phenomenal'),
(180, 5, ' Incredible'),
(181, 3, ' Unsurpassed'),
(182, 2, ' Unbeatable'),
(183, 3, ' Unparalleled'),
(184, 5, ' Outstanding'),
(185, 3, ' World-class'),
(186, 5, ' Masterful'),
(187, 4, ' Elite'),
(188, 3, ' Top-tier'),
(189, 1, ' Peerless'),
(190, 4, ' Exceptional'),
(191, 4, ' Unrivaled'),
(192, 1, ' Consummate'),
(193, 4, ' Transcendent'),
(194, 3, ' Stupendous'),
(195, 2, ' Breathtaking'),
(196, 1, ' Incomparable'),
(197, 1, ' Unbelievable'),
(198, 5, ' Epic'),
(199, 5, ' Legendary'),
(200, 4, ' Beyond Compare');

-- --------------------------------------------------------

--
-- Table structure for table `OrderItems`
--

CREATE TABLE IF NOT EXISTS `OrderItems` (
  `OrderItemID` int(11) NOT NULL,
  `OrderID` int(11) DEFAULT NULL,
  `ItemID` int(11) DEFAULT NULL,
  `Quantity` int(11) DEFAULT NULL
) ENGINE=InnoDB DEFAULT CHARSET=latin1;

--
-- Dumping data for table `OrderItems`
--

INSERT INTO `OrderItems` (`OrderItemID`, `OrderID`, `ItemID`, `Quantity`) VALUES
(1, 230, 1, 2),
(2, 44, 2, 2),
(3, 155, 3, 9),
(4, 74, 4, 4),
(5, 153, 5, 1),
(9, 48, 9, 10),
(10, 161, 10, 9),
(12, 181, 12, 6),
(18, 10, 18, 1),
(19, 223, 19, 7),
(20, 200, 20, 2),
(23, 223, 23, 6),
(25, 211, 25, 7),
(26, 91, 26, 2),
(29, 98, 29, 10),
(31, 193, 31, 3),
(34, 219, 34, 4),
(36, 162, 36, 5),
(37, 61, 37, 4),
(38, 73, 38, 8),
(39, 76, 39, 4),
(40, 196, 40, 9),
(43, 228, 43, 6),
(45, 222, 45, 5),
(46, 159, 46, 4),
(48, 72, 48, 5),
(49, 56, 49, 4),
(50, 131, 50, 9),
(54, 224, 54, 9),
(57, 97, 57, 9),
(63, 18, 63, 7),
(64, 26, 64, 2),
(71, 56, 71, 7),
(73, 25, 73, 5),
(74, 123, 74, 4),
(77, 68, 40, 8),
(81, 86, 70, 6),
(82, 131, 26, 5),
(85, 210, 22, 8),
(86, 187, 31, 7),
(88, 39, 19, 8),
(89, 202, 14, 8),
(91, 230, 55, 9),
(93, 208, 16, 6),
(94, 60, 8, 2),
(95, 71, 20, 2),
(97, 73, 66, 3),
(98, 188, 19, 10),
(99, 111, 4, 6),
(102, 180, 26, 2),
(104, 28, 70, 2),
(108, 134, 36, 7),
(110, 46, 29, 3),
(112, 121, 17, 7),
(113, 115, 32, 10),
(114, 112, 74, 8),
(116, 115, 26, 2),
(117, 44, 43, 2),
(118, 35, 30, 9),
(119, 111, 54, 8),
(120, 31, 19, 6),
(122, 151, 15, 4),
(124, 229, 16, 4),
(125, 1, 10, 3),
(131, 180, 39, 6),
(132, 10, 74, 8),
(133, 40, 36, 7),
(138, 75, 13, 2),
(139, 161, 2, 6),
(140, 71, 23, 9),
(144, 132, 33, 1),
(145, 74, 44, 8),
(146, 98, 72, 7),
(154, 199, 27, 7),
(157, 199, 73, 9),
(159, 168, 55, 9),
(163, 66, 55, 5),
(164, 194, 74, 5),
(165, 21, 3, 8),
(167, 88, 21, 2),
(168, 179, 35, 8),
(173, 96, 21, 1),
(174, 56, 19, 1),
(176, 229, 12, 7),
(178, 75, 5, 7),
(179, 121, 60, 4),
(180, 87, 58, 4),
(181, 202, 74, 4),
(185, 163, 38, 9),
(189, 192, 32, 8),
(190, 83, 18, 5),
(192, 26, 15, 1),
(196, 184, 63, 3),
(197, 48, 30, 4),
(201, 224, 40, 10),
(202, 103, 33, 8),
(204, 84, 21, 4),
(207, 54, 24, 2),
(209, 14, 75, 6),
(211, 177, 29, 1),
(212, 108, 6, 10),
(213, 134, 56, 1),
(215, 153, 32, 9),
(216, 72, 1, 7),
(217, 73, 35, 4),
(219, 90, 66, 6),
(224, 93, 15, 7),
(231, 215, 35, 4),
(234, 178, 58, 8),
(236, 32, 24, 5),
(240, 51, 67, 7),
(241, 165, 25, 1),
(242, 27, 27, 10),
(247, 68, 72, 9),
(249, 41, 54, 1),
(250, 231, 69, 9),
(251, 61, 11, 5),
(255, 217, 49, 10),
(257, 41, 5, 3),
(259, 154, 24, 1),
(260, 155, 20, 8),
(264, 102, 52, 10),
(265, 42, 28, 2),
(266, 89, 16, 10),
(269, 226, 35, 2),
(275, 176, 56, 6),
(276, 111, 70, 3),
(277, 112, 2, 3),
(279, 138, 49, 2),
(281, 53, 29, 2),
(288, 77, 70, 10),
(290, 87, 29, 3),
(291, 227, 13, 7),
(292, 130, 28, 8),
(293, 58, 43, 10),
(294, 202, 2, 9),
(296, 85, 58, 5),
(298, 216, 41, 3),
(302, 205, 20, 3),
(303, 32, 28, 5),
(305, 153, 51, 4),
(309, 198, 13, 6),
(310, 35, 16, 8),
(311, 102, 34, 8),
(313, 221, 5, 5),
(314, 209, 6, 2),
(316, 177, 30, 10),
(317, 198, 51, 9),
(318, 117, 12, 4),
(319, 223, 71, 5),
(320, 75, 53, 5),
(321, 202, 22, 9),
(322, 189, 67, 7),
(323, 209, 56, 3),
(326, 210, 40, 8),
(328, 189, 33, 3),
(329, 232, 69, 3),
(331, 223, 20, 2),
(335, 188, 5, 6),
(337, 35, 67, 5),
(338, 89, 7, 2),
(341, 25, 11, 8),
(345, 78, 16, 2),
(349, 71, 14, 7),
(350, 232, 16, 2),
(352, 173, 6, 7),
(353, 42, 21, 3),
(355, 206, 6, 5),
(357, 154, 72, 7),
(358, 75, 26, 4),
(362, 111, 39, 2),
(363, 23, 44, 7),
(366, 89, 42, 10),
(367, 131, 49, 7),
(374, 1, 28, 4),
(375, 186, 3, 6),
(378, 3, 45, 7),
(379, 53, 15, 7),
(381, 88, 16, 9),
(382, 18, 24, 2),
(386, 150, 24, 4),
(389, 180, 21, 1),
(390, 10, 67, 4),
(392, 186, 71, 10),
(393, 27, 56, 8),
(394, 212, 12, 7),
(397, 223, 68, 9),
(399, 55, 75, 2),
(400, 198, 19, 4),
(401, 33, 75, 8),
(402, 16, 5, 2),
(403, 59, 28, 4),
(405, 74, 60, 8),
(413, 206, 16, 2),
(415, 177, 40, 3),
(416, 88, 13, 4),
(417, 70, 62, 5),
(418, 185, 52, 7),
(422, 225, 56, 10),
(429, 133, 18, 10),
(430, 163, 11, 4),
(432, 6, 66, 9),
(433, 93, 50, 8),
(434, 155, 51, 2),
(435, 179, 61, 2),
(439, 52, 9, 7),
(442, 56, 32, 7),
(444, 26, 12, 5),
(445, 40, 4, 2),
(447, 82, 69, 1),
(448, 212, 21, 5),
(449, 48, 48, 6),
(451, 93, 42, 4),
(452, 202, 46, 3),
(454, 25, 23, 4),
(456, 65, 67, 7),
(459, 95, 18, 5),
(462, 136, 68, 8),
(464, 63, 23, 1),
(465, 188, 52, 10),
(466, 104, 14, 1),
(467, 201, 40, 8),
(468, 167, 18, 2),
(469, 126, 18, 7),
(470, 95, 31, 2),
(471, 30, 38, 6),
(472, 141, 6, 10),
(477, 47, 75, 9),
(480, 200, 12, 5),
(487, 13, 21, 3),
(489, 22, 28, 8),
(490, 221, 10, 5),
(494, 231, 73, 4),
(495, 95, 6, 5),
(497, 130, 31, 8),
(499, 147, 16, 10),
(500, 86, 30, 8);

-- --------------------------------------------------------

--
-- Table structure for table `Orders`
--

CREATE TABLE IF NOT EXISTS `Orders` (
  `OrderID` int(11) NOT NULL,
  `CustomerID` int(11) DEFAULT NULL,
  `OrderDate` datetime DEFAULT NULL,
  `DeliveryTypeID` int(11) DEFAULT NULL,
  `DriverID` int(11) DEFAULT NULL
) ENGINE=InnoDB DEFAULT CHARSET=latin1;

--
-- Dumping data for table `Orders`
--

INSERT INTO `Orders` (`OrderID`, `CustomerID`, `OrderDate`, `DeliveryTypeID`, `DriverID`) VALUES
(1, 1, '2021-10-15 02:37:19', 3, 17),
(2, 2, '2022-04-30 18:21:42', 2, 13),
(3, 3, '2022-07-08 10:15:36', 4, 20),
(4, 4, '2023-09-12 21:04:59', 1, 19),
(5, 5, '2022-11-05 04:55:28', 3, 11),
(6, 6, '2020-08-20 14:45:07', 1, 20),
(7, 7, '2021-12-04 06:37:12', 4, 8),
(8, 8, '2023-03-28 19:29:05', 1, 1),
(9, 9, '2021-01-14 23:54:37', 2, 17),
(10, 10, '2020-09-26 09:18:47', 2, 20),
(11, 11, '2023-10-11 15:00:26', 4, 7),
(12, 12, '2020-11-29 11:06:11', 3, 17),
(13, 13, '2022-06-19 22:47:57', 4, 4),
(14, 14, '2022-02-08 17:39:23', 3, 2),
(15, 15, '2021-05-03 08:33:52', 3, 20),
(16, 16, '2021-07-20 14:27:13', 2, 8),
(17, 17, '2023-07-06 06:20:07', 2, 7),
(18, 18, '2020-12-21 01:11:33', 1, 13),
(19, 19, '2020-11-15 23:06:49', 2, 9),
(20, 20, '2022-04-24 03:54:55', 4, 16),
(21, 21, '2023-06-28 05:16:42', 1, 9),
(22, 22, '2022-03-01 10:02:58', 2, 10),
(23, 23, '2020-11-08 17:49:12', 2, 13),
(24, 24, '2021-08-10 21:42:21', 4, 6),
(25, 25, '2023-05-15 12:34:47', 4, 7),
(26, 26, '2022-10-04 19:27:15', 4, 17),
(27, 27, '2020-10-02 02:19:28', 2, 5),
(28, 28, '2021-03-26 04:11:54', 3, 19),
(29, 29, '2022-08-07 07:04:03', 4, 18),
(30, 30, '2020-08-25 16:58:27', 2, 5),
(31, 31, '2022-01-01 20:50:54', 3, 11),
(32, 32, '2022-12-02 10:45:10', 4, 3),
(33, 33, '2021-09-30 12:35:39', 2, 4),
(34, 34, '2023-01-07 21:29:17', 2, 6),
(35, 35, '2023-04-11 19:23:21', 1, 18),
(36, 36, '2023-11-27 07:14:48', 2, 12),
(37, 37, '2022-09-22 23:08:29', 3, 14),
(38, 38, '2021-02-19 13:02:56', 4, 10),
(39, 39, '2020-10-27 02:56:59', 1, 13),
(40, 40, '2023-08-01 14:47:25', 4, 14),
(41, 41, '2021-05-21 11:40:54', 4, 4),
(42, 42, '2022-05-13 09:35:10', 4, 13),
(43, 43, '2022-07-27 05:28:19', 2, 11),
(44, 44, '2020-12-31 20:19:46', 2, 15),
(45, 45, '2021-08-31 06:13:13', 2, 2),
(46, 46, '2020-10-20 17:04:39', 3, 7),
(47, 47, '2023-02-15 23:58:07', 1, 20),
(48, 48, '2021-04-27 09:51:52', 4, 4),
(49, 49, '2022-03-14 12:45:01', 1, 9),
(50, 50, '2023-10-19 22:38:26', 2, 17),
(51, 51, '2022-01-25 14:29:53', 3, 11),
(52, 52, '2021-07-04 16:23:57', 1, 10),
(53, 53, '2020-07-19 21:15:24', 4, 15),
(54, 54, '2022-11-29 01:09:49', 2, 16),
(55, 55, '2023-06-16 11:01:15', 1, 10),
(56, 56, '2021-03-05 06:54:40', 4, 8),
(57, 57, '2023-05-31 19:46:07', 1, 9),
(58, 58, '2020-09-09 16:37:11', 2, 16),
(59, 59, '2022-08-25 08:31:36', 1, 20),
(60, 60, '2020-11-22 17:25:42', 2, 18),
(61, 61, '2021-12-17 19:18:09', 4, 6),
(62, 62, '2023-09-04 09:11:35', 3, 3),
(63, 63, '2023-03-09 01:03:02', 4, 2),
(64, 64, '2022-06-04 05:57:06', 2, 19),
(65, 65, '2022-02-27 20:48:33', 3, 5),
(66, 66, '2020-08-12 10:41:58', 3, 14),
(67, 67, '2021-01-28 02:34:04', 1, 19),
(68, 68, '2022-12-28 16:27:29', 4, 15),
(69, 69, '2020-12-14 13:18:55', 2, 1),
(70, 70, '2023-01-19 21:09:22', 4, 6),
(71, 71, '2021-09-16 15:03:48', 2, 3),
(72, 72, '2022-04-09 06:57:14', 1, 15),
(73, 73, '2022-10-29 14:50:41', 1, 1),
(74, 74, '2023-07-23 19:42:07', 3, 13),
(75, 75, '2021-05-08 22:35:33', 2, 18),
(76, 76, '2022-08-14 04:28:58', 3, 20),
(77, 77, '2020-07-31 12:22:04', 4, 8),
(78, 78, '2023-11-20 14:14:30', 2, 8),
(79, 79, '2021-03-14 09:05:56', 3, 2),
(80, 80, '2020-10-06 23:57:22', 1, 5),
(81, 81, '2023-02-19 18:50:49', 1, 18),
(82, 82, '2022-06-22 04:44:15', 1, 17),
(83, 83, '2020-09-17 15:37:41', 3, 19),
(84, 84, '2021-12-09 11:31:06', 1, 6),
(85, 85, '2023-09-26 01:24:32', 3, 3),
(86, 86, '2022-11-12 05:16:58', 4, 4),
(87, 87, '2021-08-02 22:08:23', 3, 9),
(88, 88, '2023-05-27 10:01:50', 1, 17),
(89, 89, '2022-03-21 01:54:16', 2, 11),
(90, 90, '2020-11-14 21:46:42', 1, 12),
(91, 91, '2021-07-19 03:39:09', 4, 20),
(92, 92, '2023-07-13 09:31:35', 1, 14),
(93, 93, '2020-12-28 15:25:00', 4, 19),
(94, 94, '2020-10-16 07:17:26', 1, 3),
(95, 95, '2022-04-01 10:08:52', 3, 17),
(96, 96, '2023-06-05 22:01:17', 1, 9),
(97, 97, '2022-02-18 13:53:43', 2, 7),
(98, 98, '2020-11-01 18:46:08', 3, 7),
(99, 99, '2021-08-24 20:38:34', 4, 12),
(100, 100, '2023-03-20 11:30:59', 3, 4),
(101, 101, '2021-02-09 03:23:25', 2, 18),
(102, 102, '2020-09-01 09:15:51', 4, 9),
(103, 103, '2023-08-06 14:07:16', 1, 20),
(104, 104, '2021-05-17 11:59:42', 1, 6),
(105, 105, '2022-05-29 23:52:09', 2, 15),
(106, 106, '2022-08-17 03:44:35', 3, 2),
(107, 107, '2020-12-05 18:37:00', 4, 12),
(108, 108, '2021-08-15 20:29:26', 1, 2),
(109, 109, '2020-09-30 10:21:52', 2, 16),
(110, 110, '2023-01-24 12:14:19', 3, 10),
(111, 111, '2021-04-20 04:06:45', 1, 11),
(112, 112, '2022-02-05 09:59:11', 3, 17),
(113, 113, '2023-10-01 21:51:37', 2, 8),
(114, 114, '2022-01-11 11:44:02', 4, 5),
(115, 115, '2021-06-24 13:36:28', 2, 14),
(116, 116, '2020-07-09 15:28:54', 1, 6),
(117, 117, '2022-11-22 03:21:20', 3, 8),
(118, 118, '2023-06-09 19:13:45', 2, 4),
(119, 119, '2021-03-01 08:06:11', 3, 4),
(120, 120, '2023-05-20 10:58:37', 2, 5),
(121, 121, '2020-08-15 18:51:03', 1, 3),
(122, 122, '2022-08-31 20:43:29', 1, 17),
(123, 123, '2020-11-25 10:35:55', 4, 13),
(124, 124, '2021-12-20 12:28:22', 4, 12),
(125, 125, '2023-09-13 02:20:48', 3, 14),
(126, 126, '2023-03-14 18:13:14', 2, 1),
(127, 127, '2022-06-09 20:05:40', 1, 1),
(128, 128, '2022-02-02 02:58:07', 1, 20),
(129, 129, '2020-07-18 12:50:33', 4, 13),
(130, 130, '2021-01-03 14:42:59', 3, 10),
(131, 131, '2022-12-04 06:35:26', 2, 12),
(132, 132, '2020-12-20 20:27:52', 3, 11),
(133, 133, '2023-01-26 08:20:18', 4, 12),
(134, 134, '2021-09-24 10:12:44', 4, 16),
(135, 135, '2022-04-17 02:05:10', 3, 2),
(136, 136, '2022-10-14 07:57:37', 1, 4),
(137, 137, '2023-07-08 19:50:03', 2, 11),
(138, 138, '2021-05-02 21:42:29', 2, 19),
(139, 139, '2022-08-22 01:34:55', 4, 13),
(140, 140, '2020-07-27 14:27:20', 1, 12),
(141, 141, '2023-11-15 16:19:46', 3, 11),
(142, 142, '2021-03-09 02:12:12', 4, 13),
(143, 143, '2020-10-11 08:04:39', 1, 1),
(144, 144, '2023-02-12 09:57:05', 3, 6),
(145, 145, '2022-06-15 21:49:31', 2, 9),
(146, 146, '2020-09-23 23:41:57', 4, 11),
(147, 147, '2021-12-12 05:34:23', 1, 2),
(148, 148, '2023-09-29 17:26:49', 4, 8),
(149, 149, '2022-11-16 03:19:14', 1, 16),
(150, 150, '2021-08-07 09:11:40', 4, 1),
(151, 151, '2023-05-02 21:04:06', 3, 18),
(152, 152, '2022-03-19 12:56:32', 2, 12),
(153, 153, '2020-11-05 14:49:58', 3, 15),
(154, 154, '2021-07-10 16:42:24', 2, 13),
(155, 155, '2023-07-04 04:34:50', 3, 17),
(156, 156, '2020-12-16 20:27:15', 3, 19),
(157, 157, '2020-10-10 10:19:41', 3, 8),
(158, 158, '2022-04-25 12:12:07', 2, 20),
(159, 159, '2023-06-29 02:04:33', 3, 14),
(160, 160, '2022-02-20 04:56:58', 3, 4),
(161, 161, '2020-11-13 16:49:24', 2, 2),
(162, 162, '2021-08-04 08:41:50', 3, 10),
(163, 163, '2023-04-29 20:34:16', 3, 15),
(164, 164, '2022-09-19 22:26:42', 4, 3),
(165, 165, '2021-02-15 12:19:08', 2, 7),
(166, 166, '2020-09-07 14:11:34', 2, 6),
(167, 167, '2023-08-12 02:04:00', 1, 19),
(168, 168, '2021-05-27 03:56:26', 1, 19),
(169, 169, '2022-05-19 09:48:51', 4, 13),
(170, 170, '2022-07-03 19:41:17', 1, 11),
(171, 171, '2020-12-10 05:33:43', 1, 18),
(172, 172, '2021-08-20 07:26:08', 4, 1),
(173, 173, '2020-09-15 17:18:34', 3, 7),
(174, 174, '2023-01-10 23:11:00', 2, 16),
(175, 175, '2021-04-05 11:03:26', 2, 19),
(176, 176, '2022-02-22 18:55:52', 4, 16),
(177, 177, '2023-10-07 06:48:18', 2, 19),
(178, 178, '2022-01-29 08:40:43', 4, 2),
(179, 179, '2021-07-07 20:33:09', 3, 12),
(180, 180, '2020-07-22 12:25:35', 2, 4),
(181, 181, '2022-11-15 14:18:01', 3, 9),
(182, 182, '2023-06-12 00:10:27', 3, 2),
(183, 183, '2021-02-26 02:02:52', 3, 1),
(184, 184, '2023-05-15 07:55:18', 1, 17),
(185, 185, '2020-08-06 09:47:44', 1, 19),
(186, 186, '2022-08-02 21:40:10', 1, 11),
(187, 187, '2020-11-19 13:32:36', 2, 1),
(188, 188, '2021-12-14 19:25:01', 2, 12),
(189, 189, '2023-09-07 09:17:27', 1, 1),
(190, 190, '2023-03-10 01:09:53', 1, 13),
(191, 191, '2022-08-21 17:50:13', 3, 9),
(192, 192, '2021-03-19 13:40:15', 3, 16),
(193, 193, '2023-07-13 06:01:40', 2, 16),
(194, 194, '2021-11-20 22:18:17', 3, 16),
(195, 195, '2022-03-14 01:51:15', 2, 4),
(196, 196, '2022-08-16 12:20:32', 2, 14),
(197, 197, '2022-08-17 23:04:23', 1, 13),
(198, 198, '2021-10-07 02:22:26', 4, 15),
(199, 199, '2023-11-10 21:42:02', 3, 18),
(200, 200, '2021-05-23 23:58:00', 2, 8),
(201, 201, '2021-12-02 14:00:56', 3, 1),
(202, 202, '2022-08-01 15:36:16', 1, 10),
(203, 203, '2022-04-01 22:45:57', 4, 11),
(204, 204, '2023-09-07 03:27:29', 3, 9),
(205, 205, '2021-05-04 11:47:10', 1, 4),
(206, 206, '2021-08-05 05:45:50', 4, 16),
(207, 207, '2023-07-07 13:31:41', 4, 15),
(208, 208, '2023-03-23 15:40:01', 1, 7),
(209, 209, '2021-07-15 08:19:28', 4, 14),
(210, 210, '2021-07-05 14:41:33', 2, 8),
(211, 211, '2021-09-05 05:05:24', 2, 7),
(212, 212, '2022-10-18 12:26:22', 2, 10),
(213, 213, '2023-04-07 12:31:27', 3, 11),
(214, 214, '2022-03-13 05:11:24', 3, 5),
(215, 215, '2022-07-05 23:32:31', 1, 13),
(216, 216, '2021-01-23 20:34:11', 1, 15),
(217, 217, '2021-06-29 15:23:02', 1, 14),
(218, 218, '2022-04-01 02:49:56', 3, 12),
(219, 219, '2023-03-13 15:42:41', 1, 17),
(220, 220, '2023-11-30 06:41:18', 3, 8),
(221, 221, '2022-04-11 22:37:31', 2, 18),
(222, 222, '2022-02-26 19:39:46', 3, 15),
(223, 223, '2021-08-19 06:06:48', 2, 4),
(224, 224, '2023-08-05 07:30:34', 4, 7),
(225, 225, '2022-08-24 03:01:53', 4, 8),
(226, 226, '2021-04-08 13:52:25', 1, 2),
(227, 227, '2021-02-02 09:01:34', 1, 6),
(228, 228, '2023-03-06 22:00:07', 4, 3),
(229, 229, '2022-11-28 06:48:58', 3, 13),
(230, 230, '2021-09-30 00:21:42', 4, 10),
(231, 231, '2022-06-21 16:52:52', 3, 17),
(232, 232, '2021-12-19 09:38:19', 3, 14);

-- --------------------------------------------------------

--
-- Table structure for table `PizzaMenuItems`
--

CREATE TABLE IF NOT EXISTS `PizzaMenuItems` (
  `ItemID` int(11) NOT NULL,
  `PizzaTypeID` int(11) DEFAULT NULL,
  `ItemName` varchar(50) DEFAULT NULL,
  `Description` varchar(50) DEFAULT NULL,
  `Price` decimal(5,2) DEFAULT NULL
) ENGINE=InnoDB DEFAULT CHARSET=latin1;

--
-- Dumping data for table `PizzaMenuItems`
--

INSERT INTO `PizzaMenuItems` (`ItemID`, `PizzaTypeID`, `ItemName`, `Description`, `Price`) VALUES
(1, 1, 'Margherita Pizza', 'Classic tomato and mozzarella', 1.00),
(2, 2, 'Pepperoni Pizza', 'Spicy pepperoni and mozzarella', 2.00),
(3, 3, 'Hawaiian Pizza', 'Ham, pineapple, and mozzarella', 3.00),
(4, 4, 'Veggie Supreme Pizza', 'Mushrooms, peppers, olives, mozzarella', 4.00),
(5, 5, 'BBQ Chicken Pizza', 'BBQ chicken, onions, mozzarella', 5.00),
(6, 6, 'Meat Lovers Pizza', 'Pepperoni, sausage, bacon, mozzarella', 6.00),
(7, 7, 'Supreme Pizza', 'Pepperoni, mushrooms, olives, mozzarella', 7.00),
(8, 8, 'Four Cheese Pizza', 'Mozzarella, cheddar, feta, Parmesan', 8.00),
(9, 9, 'Pesto Delight Pizza', 'Pesto sauce, tomatoes, mozzarella', 9.00),
(10, 10, 'Seafood Delight Pizza', 'Shrimp, crab, scallops, mozzarella', 10.00),
(11, 11, 'Buffalo Chicken Pizza', 'Spicy buffalo sauce, chicken, mozzarella', 11.00),
(12, 12, 'Vegetarian Pizza', 'Tomatoes, peppers, onions, olives, mozzarella', 12.00),
(13, 13, 'Mediterranean Pizza', 'Kalamata olives, feta, spinach, mozzarella', 13.00),
(14, 14, 'White Garlic Pizza', 'Garlic sauce, ricotta, mozzarella', 14.00),
(15, 15, 'Caprese Pizza', 'Fresh tomatoes, basil, balsamic glaze, mozz.', 15.00),
(16, 16, 'Philly Cheesesteak Pizza', 'Steak, onions, peppers, provolone, mozz.', 16.00),
(17, 17, 'Spinach & Artichoke Pizza', 'Spinach, artichokes, garlic, mozzarella', 17.00),
(18, 18, 'BBQ Pulled Pork Pizza', 'BBQ pulled pork, onions, mozzarella', 18.00),
(19, 19, 'Margherita Pesto Pizza', 'Pesto, fresh tomatoes, mozzarella', 19.00),
(20, 20, 'Bacon and Egg Pizza', 'Bacon, eggs, onions, cheddar, mozzarella', 20.00),
(21, 21, 'Taco Pizza', 'Ground beef, lettuce, tomatoes, cheddar, mozz.', 21.00),
(22, 22, 'Greek Pizza', 'Spinach, olives, red onion, feta, mozzarella', 22.00),
(23, 23, 'Sausage and Mushroom Pizza', 'Sausage, mushrooms, onions, mozzarella', 23.00),
(24, 24, 'BBQ Ranch Chicken Pizza', 'BBQ ranch sauce, chicken, onions, mozzarella', 24.00),
(25, 25, 'Margherita Fresca Pizza', 'Fresh basil, fresh tomatoes, mozzarella', 25.00),
(26, 26, 'Chicken Alfredo Pizza', 'Alfredo sauce, chicken, broccoli, mozzarella', 26.00),
(27, 27, 'BLT Pizza', 'Bacon, lettuce, tomatoes, mayo, mozzarella', 27.00),
(28, 28, 'Peking Duck Pizza', 'Peking duck, hoisin sauce, scallions, mozz.', 28.00),
(29, 29, 'Spinach and Bacon Pizza', 'Spinach, bacon, onions, ricotta, mozzarella', 29.00),
(30, 30, 'Cajun Shrimp Pizza', 'Cajun shrimp, bell peppers, onions, mozz.', 30.00),
(31, 31, 'Mexican Fiesta Pizza', 'Ground beef, jalapeños, cheddar, mozzarella', 31.00),
(32, 32, 'Mediterranean Lamb Pizza', 'Lamb, olives, red onion, feta, mozzarella', 32.00),
(33, 33, 'Thai Chicken Pizza', 'Thai sauce, chicken, peanuts, mozzarella', 33.00),
(34, 34, 'Bruschetta Pizza', 'Fresh tomato bruschetta, basil, mozzarella', 34.00),
(35, 35, 'Tandoori Chicken Pizza', 'Tandoori chicken, peppers, onions, mozz.', 35.00),
(36, 36, 'Fig and Prosciutto Pizza', 'Figs, prosciutto, goat cheese, mozzarella', 36.00),
(37, 37, 'Buffalo Cauliflower Pizza', 'Buffalo cauliflower, blue cheese, mozz.', 37.00),
(38, 38, 'Mac "n" Cheese Pizza', 'Macaroni and cheese, bacon, mozzarella', 38.00),
(39, 39, 'Reuben Pizza', 'Corned beef, sauerkraut, Swiss cheese, mozz.', 39.00),
(40, 40, 'Clam and Bacon Pizza', 'Clams, bacon, garlic, mozzarella', 40.00),
(41, 41, 'Falafel Pizza', 'Falafel, tahini sauce, cucumber, mozzarella', 41.00),
(42, 42, 'Balsamic Veggie Pizza', 'Balsamic-glazed veggies, goat cheese, mozz.', 42.00),
(43, 43, 'Ratatouille Pizza', 'Ratatouille-style veggies, mozzarella', 43.00),
(44, 44, 'Paella Pizza', 'Shrimp, chicken, saffron rice, mozzarella', 44.00),
(45, 45, 'Spinach and Artichoke Dip Pizza', 'Spinach artichoke dip, mozzarella', 45.00),
(46, 46, 'California Pizza', 'Avocado, bacon, ranch, tomatoes, mozzarella', 46.00),
(47, 47, 'Buffalo Cauliflower Pizza', 'Buffalo cauliflower, blue cheese, mozz.', 47.00),
(48, 48, 'Mac "n" Cheese Pizza', 'Macaroni and cheese, bacon, mozzarella', 48.00),
(49, 49, 'Reuben Pizza', 'Corned beef, sauerkraut, Swiss cheese, mozz.', 49.00),
(50, 50, 'Clam and Bacon Pizza', 'Clams, bacon, garlic, mozzarella', 50.00),
(51, 1, 'Falafel Pizza', 'Falafel, tahini sauce, cucumber, mozzarella', 1.00),
(52, 2, 'Balsamic Veggie Pizza', 'Balsamic-glazed veggies, goat cheese, mozz.', 2.00),
(53, 3, 'Ratatouille Pizza', 'Ratatouille-style veggies, mozzarella', 3.00),
(54, 4, 'Paella Pizza', 'Shrimp, chicken, saffron rice, mozzarella', 4.00),
(55, 5, 'Spinach and Artichoke Dip Pizza', 'Spinach artichoke dip, mozzarella', 5.00),
(56, 6, 'California Pizza', 'Avocado, bacon, ranch, tomatoes, mozzarella', 6.00),
(57, 7, 'Mediterranean Seafood Pizza', 'Seafood, olives, feta, mozzarella', 7.00),
(58, 8, 'Sweet Potato and Bacon Pizza', 'Sweet potato, bacon, caramelized onions', 8.00),
(59, 9, 'Roasted Garlic and Mushroom Pizza', 'Roasted garlic, mushrooms, mozzarella', 9.00),
(60, 10, 'Thai Shrimp and Pineapple Pizza', 'Thai sauce, shrimp, pineapple, mozz.', 10.00),
(61, 11, 'Truffle Mushroom Pizza', 'Truffle oil, mushrooms, parmesan, mozz.', 11.00),
(62, 12, 'Smoked Salmon Pizza', 'Smoked salmon, cream cheese, capers, mozz.', 12.00),
(63, 13, 'BBQ Brisket Pizza', 'BBQ brisket, red onion, cheddar, mozzarella', 13.00),
(64, 14, 'Gourmet Veggie Pizza', 'Artichokes, sun-dried tomatoes, mozzarella', 14.00),
(65, 15, 'Moroccan Lamb Pizza', 'Moroccan-spiced lamb, couscous, mozz.', 15.00),
(66, 16, 'Pear and Gorgonzola Pizza', 'Pears, gorgonzola cheese, walnuts, mozz.', 16.00),
(67, 17, 'Thai Peanut Chicken Pizza', 'Thai peanut sauce, chicken, veggies, mozz.', 17.00),
(68, 18, 'Teriyaki Beef Pizza', 'Teriyaki beef, broccoli, scallions, mozz.', 18.00),
(69, 19, 'Cuban Sandwich Pizza', 'Roast pork, ham, pickles, mustard, mozz.', 19.00),
(70, 20, 'Wild Mushroom and Truffle Pizza', 'Wild mushrooms, truffle oil, mozz.', 20.00),
(71, 21, 'Greek Gyro Pizza', 'Gyro meat, tzatziki sauce, onions, mozz.', 21.00),
(72, 22, 'Butter Chicken Pizza', 'Butter chicken, onions, tomatoes, mozz.', 22.00),
(73, 23, 'Breakfast Pizza', 'Eggs, bacon, sausage, peppers, mozzarella', 23.00),
(74, 24, 'Sweet Chili Shrimp Pizza', 'Sweet chili shrimp, red peppers, mozz', 24.00),
(75, 25, 'Portobello and Balsamic Pizza', 'Portobello mushrooms, balsamic, mozz', 25.00);

--
-- Indexes for dumped tables
--

--
-- Indexes for table `Categories`
--
ALTER TABLE `Categories`
  ADD PRIMARY KEY (`PizzaTypeID`);

--
-- Indexes for table `City`
--
ALTER TABLE `City`
  ADD PRIMARY KEY (`CityID`);

--
-- Indexes for table `Customer`
--
ALTER TABLE `Customer`
  ADD PRIMARY KEY (`CustomerID`),
  ADD KEY `CityID` (`CityID`),
  ADD KEY `CustomerAgeGroupID` (`CustomerAgeGroupID`);

--
-- Indexes for table `CustomerAgeGroup`
--
ALTER TABLE `CustomerAgeGroup`
  ADD PRIMARY KEY (`CustomerAgeGroupID`);

--
-- Indexes for table `CustomerFeedback`
--
ALTER TABLE `CustomerFeedback`
  ADD PRIMARY KEY (`FeedbackID`),
  ADD KEY `CustomerID` (`CustomerID`),
  ADD KEY `OrderID` (`OrderID`),
  ADD KEY `FeedbackRatingID` (`FeedbackRatingID`);

--
-- Indexes for table `DeliveryDriver`
--
ALTER TABLE `DeliveryDriver`
  ADD PRIMARY KEY (`DriverID`);

--
-- Indexes for table `DeliveryType`
--
ALTER TABLE `DeliveryType`
  ADD PRIMARY KEY (`DeliveryTypeID`);

--
-- Indexes for table `FeedbackRating`
--
ALTER TABLE `FeedbackRating`
  ADD PRIMARY KEY (`FeedbackRatingID`);

--
-- Indexes for table `OrderItems`
--
ALTER TABLE `OrderItems`
  ADD PRIMARY KEY (`OrderItemID`),
  ADD KEY `OrderID` (`OrderID`),
  ADD KEY `ItemID` (`ItemID`);

--
-- Indexes for table `Orders`
--
ALTER TABLE `Orders`
  ADD PRIMARY KEY (`OrderID`),
  ADD KEY `CustomerID` (`CustomerID`),
  ADD KEY `DeliveryTypeID` (`DeliveryTypeID`),
  ADD KEY `DriverID` (`DriverID`);

--
-- Indexes for table `PizzaMenuItems`
--
ALTER TABLE `PizzaMenuItems`
  ADD PRIMARY KEY (`ItemID`),
  ADD KEY `PizzaTypeID` (`PizzaTypeID`);

--
-- Constraints for dumped tables
--

--
-- Constraints for table `Customer`
--
ALTER TABLE `Customer`
  ADD CONSTRAINT `City_id` FOREIGN KEY (`CityID`) REFERENCES `City` (`CityID`),
  ADD CONSTRAINT `Customer_ibfk_2` FOREIGN KEY (`CustomerAgeGroupID`) REFERENCES `CustomerAgeGroup` (`CustomerAgeGroupID`);

--
-- Constraints for table `CustomerFeedback`
--
ALTER TABLE `CustomerFeedback`
  ADD CONSTRAINT `CustomerFeedback_ibfk_3` FOREIGN KEY (`FeedbackRatingID`) REFERENCES `FeedbackRating` (`FeedbackRatingID`);

--
-- Constraints for table `OrderItems`
--
ALTER TABLE `OrderItems`
  ADD CONSTRAINT `OrderItems_ibfk_2` FOREIGN KEY (`ItemID`) REFERENCES `PizzaMenuItems` (`ItemID`),
  ADD CONSTRAINT `orderID` FOREIGN KEY (`OrderID`) REFERENCES `Orders` (`OrderID`);

--
-- Constraints for table `Orders`
--
ALTER TABLE `Orders`
  ADD CONSTRAINT `Orders_ibfk_2` FOREIGN KEY (`DeliveryTypeID`) REFERENCES `DeliveryType` (`DeliveryTypeID`),
  ADD CONSTRAINT `Orders_ibfk_3` FOREIGN KEY (`DriverID`) REFERENCES `DeliveryDriver` (`DriverID`),
  ADD CONSTRAINT `cust_id` FOREIGN KEY (`CustomerID`) REFERENCES `Customer` (`CustomerID`);

--
-- Constraints for table `PizzaMenuItems`
--
ALTER TABLE `PizzaMenuItems`
  ADD CONSTRAINT `PizzaMenuItems_ibfk_1` FOREIGN KEY (`PizzaTypeID`) REFERENCES `Categories` (`PizzaTypeID`);

/*!40101 SET CHARACTER_SET_CLIENT=@OLD_CHARACTER_SET_CLIENT */;
/*!40101 SET CHARACTER_SET_RESULTS=@OLD_CHARACTER_SET_RESULTS */;
/*!40101 SET COLLATION_CONNECTION=@OLD_COLLATION_CONNECTION */;
